﻿Designator,Footprint,Quantity,Value,LCSC Part #
"D1, D10, D11, D12, D13, D14, D15, D16, D17, D18, D19, D2, D20, D21, D22, D23, D24, D25, D26, D27, D28, D29, D3, D30, D31, D32, D33, D34, D35, D36, D37, D38, D39, D4, D40, D41, D42, D43, D44, D45, D46, D47, D48, D49, D5, D50, D51, D52, D53, D54, D55, D56, D57, D58, D59, D6, D60, D61, D62, D63, D64, D65, D66, D67, D7, D8, D9",Diode_DO-35,67,Diode,
"S1, S10, S11, S12, S13, S16, S17, S18, S19, S2, S20, S21, S22, S23, S24, S25, S26, S27, S29, S3, S31, S32, S33, S34, S35, S36, S37, S38, S39, S4, S40, S41, S43, S45, S46, S47, S48, S49, S5, S50, S51, S52, S53, S54, S56, S57, S6, S64, S65, S66, S7, S8, S9",MX_PCB_1.00u,53,Keyswitch,
S14,SW_Cherry_MX_2.00u_PCB,1,Keyswitch,
"S15, S28",MX_PCB_1.50u,2,Keyswitch,
"S30, S55",MX_PCB_1.75u,2,Keyswitch,
"S42, S44",SW_Cherry_MX_2.25u_PCB,2,Keyswitch,
"S58, S59, S60, S62, S63",MX_PCB_1.25u,5,Keyswitch,
S61,SW_Cherry_MX_6.25u_PCB,1,Keyswitch,
SW1,RotaryEncoder_Alps_EC11E-Switch_Vertical_H20mm,1,RotaryEncoder_Switch,
U1,Raspberry_Pi_Pico,1,Raspberry_Pi_Pico,
